Título,Empresa,Enlace,Resumen
"Desarrollador Full Stack Senior Python + React // Multinacional Software Financiero
        



                Postulado
            

                Vista","4,1
                




                Kaizen Recursos Humanos",https://ar.computrabajo.com/ofertas-de-trabajo/oferta-de-trabajo-de-desarrollador-full-stack-senior-python-react-multinacional-software-financiero-remoto-para-residentes-en-argentina-en-monserrat-1409E7DFF1715F2A61373E686DCF3405#lc=ListOffers-Score4-0,"4,1
                




                Kaizen Recursos Humanos"
"Senior Python Developer
        



                Postulado
            

                Vista","4,1
                




                Kaizen Recursos Humanos",https://ar.computrabajo.com/ofertas-de-trabajo/oferta-de-trabajo-de-senior-python-developer-remoto-para-residentes-en-argentina-en-monserrat-379C42B059CABAE761373E686DCF3405#lc=ListOffers-Score4-1,"4,1
                




                Kaizen Recursos Humanos"
"Desarrollador Full Stack Senior Python + React // Multinacional Software Financiero
        



                Postulado
            

                Vista","4,1
                




                Kaizen Recursos Humanos",https://ar.computrabajo.com/ofertas-de-trabajo/oferta-de-trabajo-de-desarrollador-full-stack-senior-python-react-multinacional-software-financiero-remoto-para-residentes-en-argentina-en-monserrat-B72A48F762151D2F61373E686DCF3405#lc=ListOffers-Score4-2,"4,1
                




                Kaizen Recursos Humanos"
"Senior Python Developer
        



                Postulado
            

                Vista","4,1
                




                Kaizen Recursos Humanos",https://ar.computrabajo.com/ofertas-de-trabajo/oferta-de-trabajo-de-senior-python-developer-remoto-para-residentes-en-argentina-en-monserrat-AEB0FCCAA196DF5661373E686DCF3405#lc=ListOffers-Score4-3,"4,1
                




                Kaizen Recursos Humanos"
"Ref. 20595: Desarrollador Python Senior
        



                Postulado
            

                Vista","3,6
                




                ADN - Recursos Humanos",https://ar.computrabajo.com/ofertas-de-trabajo/oferta-de-trabajo-de-ref-20595-desarrollador-python-senior-remoto-en-recoleta-B282D35514F29F8F61373E686DCF3405#lc=ListOffers-Score4-4,"3,6
                




                ADN - Recursos Humanos"
"Desarrollador Full Stack Senior Python + React // Multinacional Software Financiero
        



                Postulado
            

                Vista","4,1
                




                Kaizen Recursos Humanos",https://ar.computrabajo.com/ofertas-de-trabajo/oferta-de-trabajo-de-desarrollador-full-stack-senior-python-react-multinacional-software-financiero-remoto-para-residentes-en-argentina-en-monserrat-23A5461C8469E65961373E686DCF3405#lc=ListOffers-Score4-5,"4,1
                




                Kaizen Recursos Humanos"
"Desarrollador Semi Senior
        



                Postulado
            

                Vista","3,9
                



                Cecaitra",https://ar.computrabajo.com/ofertas-de-trabajo/oferta-de-trabajo-de-desarrollador-semi-senior-python-laravel-php-en-martinez-B03ADD39BFCAC8F161373E686DCF3405#lc=ListOffers-Score4-6,"3,9
                



                Cecaitra"
"Senior Python Developer
        



                Postulado
            

                Vista","4,1
                




                Kaizen Recursos Humanos",https://ar.computrabajo.com/ofertas-de-trabajo/oferta-de-trabajo-de-senior-python-developer-remoto-para-residentes-en-argentina-en-monserrat-79B285580A0CEA3361373E686DCF3405#lc=ListOffers-Score4-7,"4,1
                




                Kaizen Recursos Humanos"
"Ref. 20595: Desarrollador Python
        



                Postulado
            

                Vista","3,6
                




                ADN - Recursos Humanos",https://ar.computrabajo.com/ofertas-de-trabajo/oferta-de-trabajo-de-ref-20595-desarrollador-python-hibrido-caba-centro-en-recoleta-83291B9AB5CD249761373E686DCF3405#lc=ListOffers-Score4-8,"3,6
                




                ADN - Recursos Humanos"
"Ref. 20595: Desarrollador Python Senior
        



                Postulado
            

                Vista","3,6
                




                ADN - Recursos Humanos",https://ar.computrabajo.com/ofertas-de-trabajo/oferta-de-trabajo-de-ref-20595-desarrollador-python-senior-remoto-en-recoleta-368481F15E65A18F61373E686DCF3405#lc=ListOffers-Score4-9,"3,6
                




                ADN - Recursos Humanos"
"Ref. 20728: Python Developer Senior / Híbrida CABA Centro
        



                Postulado
            

                Vista","3,6
                




                ADN - Recursos Humanos",https://ar.computrabajo.com/ofertas-de-trabajo/oferta-de-trabajo-de-ref-20728-python-developer-senior-hibrida-caba-centro-ingles-avanzado-en-monserrat-F721318E5DB05FAF61373E686DCF3405#lc=ListOffers-Score4-10,"3,6
                




                ADN - Recursos Humanos"
"Senior Python Developer
        



                Postulado
            

                Vista","4,1
                




                Kaizen Recursos Humanos",https://ar.computrabajo.com/ofertas-de-trabajo/oferta-de-trabajo-de-senior-python-developer-remoto-para-residentes-en-argentina-en-monserrat-CD2BC650CEA70CEC61373E686DCF3405#lc=ListOffers-Score4-11,"4,1
                




                Kaizen Recursos Humanos"
"Desarrollador Full Stack Senior Python + React // Multinacional Software Financiero
        



                Postulado
            

                Vista","4,1
                




                Kaizen Recursos Humanos",https://ar.computrabajo.com/ofertas-de-trabajo/oferta-de-trabajo-de-desarrollador-full-stack-senior-python-react-multinacional-software-financiero-remoto-para-residentes-en-argentina-en-monserrat-A8DF4DCD1E1516EA61373E686DCF3405#lc=ListOffers-Score4-12,"4,1
                




                Kaizen Recursos Humanos"
"Senior Python Developer
        



                Postulado
            

                Vista","4,1
                




                Kaizen Recursos Humanos",https://ar.computrabajo.com/ofertas-de-trabajo/oferta-de-trabajo-de-senior-python-developer-remoto-para-residentes-en-argentina-en-monserrat-459EECF35C73AC7061373E686DCF3405#lc=ListOffers-Score4-13,"4,1
                




                Kaizen Recursos Humanos"
"Desarrollador Full Stack Senior Python + React // Multinacional Software Financiero
        



                Postulado
            

                Vista","4,1
                




                Kaizen Recursos Humanos",https://ar.computrabajo.com/ofertas-de-trabajo/oferta-de-trabajo-de-desarrollador-full-stack-senior-python-react-multinacional-software-financiero-remoto-para-residentes-en-argentina-en-monserrat-19BE6051254F554761373E686DCF3405#lc=ListOffers-Score4-14,"4,1
                




                Kaizen Recursos Humanos"
"Senior Python Developer
        



                Postulado
            

                Vista","4,1
                




                Kaizen Recursos Humanos",https://ar.computrabajo.com/ofertas-de-trabajo/oferta-de-trabajo-de-senior-python-developer-remoto-para-residentes-en-argentina-en-monserrat-34CB75DDE4537AD661373E686DCF3405#lc=ListOffers-Score4-15,"4,1
                




                Kaizen Recursos Humanos"
"Desarrollador Python
        



                Postulado
            

                Vista","4,1
                




                Motcor S.A.",https://ar.computrabajo.com/ofertas-de-trabajo/oferta-de-trabajo-de-desarrollador-python-en-cordoba-B5FCCC6EB74D54D361373E686DCF3405#lc=ListOffers-Score4-16,"4,1
                




                Motcor S.A."
"Senior Python Developer
        



                Postulado
            

                Vista","4,1
                




                Kaizen Recursos Humanos",https://ar.computrabajo.com/ofertas-de-trabajo/oferta-de-trabajo-de-senior-python-developer-remoto-para-residentes-en-argentina-en-monserrat-D3E024B2AF6CB74961373E686DCF3405#lc=ListOffers-Score4-17,"4,1
                




                Kaizen Recursos Humanos"
"Desarrollador Full Stack Senior Python + React // Multinacional Software Financiero
        



                Postulado
            

                Vista","4,1
                




                Kaizen Recursos Humanos",https://ar.computrabajo.com/ofertas-de-trabajo/oferta-de-trabajo-de-desarrollador-full-stack-senior-python-react-multinacional-software-financiero-remoto-para-residentes-en-argentina-en-monserrat-04483BAE7944BD9061373E686DCF3405#lc=ListOffers-Score4-18,"4,1
                




                Kaizen Recursos Humanos"
"Senior Python Developer
        



                Postulado
            

                Vista","4,1
                




                Kaizen Recursos Humanos",https://ar.computrabajo.com/ofertas-de-trabajo/oferta-de-trabajo-de-senior-python-developer-remoto-para-residentes-en-argentina-en-monserrat-92C80F1C5C66481E61373E686DCF3405#lc=ListOffers-Score4-19,"4,1
                




                Kaizen Recursos Humanos"
